"Reference","Qty","Value","DNP","Exclude from BOM","Exclude from Board","Footprint","Datasheet"
"C1,C14,C15,C47,C48,C49","6","100n","","","","Capacitor_SMD:C_0805_2012Metric_Pad1.18x1.45mm_HandSolder",""
"C2,C11,C13,C59,C60,C61,C62","7","1u","","","","Capacitor_SMD:C_0805_2012Metric_Pad1.18x1.45mm_HandSolder",""
"C3,C4,C7,C16,C17,C18,C21,C22,C23,C24,C25,C26,C27,C29,C31,C33,C34,C36,C37,C38,C39,C41,C43,C44,C46,C55,C58","27","100nF","","","","Capacitor_SMD:C_0805_2012Metric_Pad1.18x1.45mm_HandSolder",""
"C5,C57","2","10uF","","","","Capacitor_SMD:C_0805_2012Metric_Pad1.18x1.45mm_HandSolder",""
"C6,C30,C42,C45,C51,C52","6","1uF","","","","Capacitor_SMD:C_0805_2012Metric_Pad1.18x1.45mm_HandSolder",""
"C8,C19,C20,C40,C54","5","10nF","","","","Capacitor_SMD:C_0805_2012Metric_Pad1.18x1.45mm_HandSolder",""
"C9","1","0.1uF","","","","Capacitor_SMD:C_0805_2012Metric_Pad1.18x1.45mm_HandSolder",""
"C10,C28,C32,C35","4","2.2uF","","","","Capacitor_SMD:C_0805_2012Metric_Pad1.18x1.45mm_HandSolder",""
"C12","1","10u","","","","Capacitor_SMD:C_0805_2012Metric_Pad1.18x1.45mm_HandSolder",""
"C50,C53","2","10uF","","","","Capacitor_THT:CP_Radial_D4.0mm_P2.00mm",""
"C56","1","4.7uF","","","","Capacitor_THT:CP_Radial_D4.0mm_P2.00mm",""
"D1,D2,D3,D4","4","LED","","","","LED_SMD:LED_0805_2012Metric_Pad1.15x1.40mm_HandSolder",""
"F1","1","PTC 2A/6V","","","","Fuse:Fuse_1206_3216Metric_Pad1.42x1.75mm_HandSolder",""
"FB1","1","120R @100MHZ","","","","Inductor_SMD:L_0805_2012Metric_Pad1.05x1.20mm_HandSolder",""
"FB2","1","FerriteBead","","","","Inductor_SMD:L_1206_3216Metric_Pad1.22x1.90mm_HandSolder",""
"J1","1","Conn_01x06_Pin","","","","Connector_PinHeader_2.54mm:PinHeader_1x06_P2.54mm_Vertical",""
"J2,J4","2","Screw_Terminal_01x02","","","","Connector_PinHeader_2.00mm:PinHeader_1x02_P2.00mm_Vertical",""
"J3,J5,J6,J7,J10,J11","6","Conn_01x03_Pin","","","","Connector_PinHeader_2.54mm:PinHeader_1x03_P2.54mm_Vertical",""
"J8","1","USB_C_Receptacle_USB2.0_16P","","","","Connector_USB:USB_C_Receptacle_G-Switch_GT-USB-7010ASV","https://www.usb.org/sites/default/files/documents/usb_type-c.zip"
"J9","1","MEM2061-01-188-00-A","","","","Ayakizleri:MEM2061-01-188-00-A_GCT","MEM2061-01-188-00-A"
"J12","1","Screw_Terminal_01x02","","","","Connector_PinHeader_2.54mm:PinHeader_1x02_P2.54mm_Vertical_SMD_Pin1Left",""
"R1,R14,R28,R29,R30,R31,R32,R33","8","10K","","","","Resistor_SMD:R_0805_2012Metric_Pad1.20x1.40mm_HandSolder",""
"R2,R3","2","4K7","","","","Resistor_SMD:R_0805_2012Metric_Pad1.20x1.40mm_HandSolder",""
"R4,R7,R8,R9,R10,R11","6","0R","","","","Resistor_SMD:R_0805_2012Metric_Pad1.20x1.40mm_HandSolder",""
"R5,R6","2","4.7k","","","","Resistor_SMD:R_0805_2012Metric_Pad1.20x1.40mm_HandSolder",""
"R12","1","5R","","","","Resistor_SMD:R_0805_2012Metric_Pad1.20x1.40mm_HandSolder",""
"R13","1","22R","","","","Resistor_SMD:R_0805_2012Metric_Pad1.20x1.40mm_HandSolder",""
"R15,R16,R17,R18","4","33","","","","Resistor_SMD:R_0805_2012Metric_Pad1.20x1.40mm_HandSolder",""
"R19,R20,R21,R26","4","220","","","","Resistor_SMD:R_0805_2012Metric_Pad1.20x1.40mm_HandSolder",""
"R24,R25","2","5K1","","","","Resistor_SMD:R_0805_2012Metric_Pad1.20x1.40mm_HandSolder",""
"R27","1","0R002","","","","Resistor_SMD:R_0805_2012Metric_Pad1.20x1.40mm_HandSolder",""
"SW1","1","SW_SPDT","","","","Button_Switch_SMD:Nidec_Copal_CAS-120A",""
"U1,U13","2","LP5907MFX-1.8","","","","Package_TO_SOT_SMD:SOT-23-5","http://www.ti.com/lit/ds/symlink/lp5907.pdf"
"U2","1","MS5611-01BA","","","","Package_LGA:LGA-8_3x5mm_P1.25mm","https://www.te.com/commerce/DocumentDelivery/DDEController?Action=srchrtrv&DocNm=MS5611-01BA03&DocType=Data+Sheet&DocLang=English"
"U3","1","MMC5983MA","","","","Ayakizleri:PQFN50P300X300X100-16N",""
"U4","1","ICM-42686-P","","","","Ayakizleri:XDCR_ICM-42686-P",""
"U5","1","SCH16T-K01-10","","","","Ayakizleri:XDCR_SCH16T-K01-10",""
"U6","1","STM32H755ZITx","","","","Package_QFP:LQFP-144_20x20mm_P0.5mm","https://www.st.com/resource/en/datasheet/stm32h755zi.pdf"
"U7,U8","2","TCAN1044VDRQ1","","","","Ayakizleri:SOIC127P599X175-8N",""
"U9","1","INA226AIDGST","","","","Ayakizleri:SOP50P490X110-10N",""
"U10","1","MCP1700x-120xxMB","","","","Package_TO_SOT_SMD:SOT-89-3","http://ww1.microchip.com/downloads/en/DeviceDoc/20001826D.pdf"
"U11","1","USBLC6-2P6","","","","Package_TO_SOT_SMD:SOT-666","https://www.st.com/resource/en/datasheet/usblc6-2.pdf"
"U12","1","ISM330IS","","","","Package_LGA:LGA-14_3x2.5mm_P0.5mm_LayoutBorder3x4y","https://www.st.com/resource/en/datasheet/ism330dhcx.pdf"
"Y1","1","XO32","","","","Oscillator:Oscillator_SMD_EuroQuartz_XO32-4Pin_3.2x2.5mm","http://cdn-reichelt.de/documents/datenblatt/B400/XO32.pdf"
